{"cameraMode":{"drawMode":0,"name":"Shaded","section":"Shading Mode"},"sceneLighting":true,"audioPlay":false,"sceneViewState":{"m_AlwaysRefresh":true,"showFog":false,"showSkybox":true,"showFlares":true,"showImageEffects":true,"showParticleSystems":true,"showVisualEffectGraphs":true,"m_FxEnabled":true},"in2DMode":false,"pivot":{"x":5.122006416320801,"y":-2.5956268310546877,"z":22.547971725463868},"rotation":{"x":-0.21249297261238099,"y":0.07967615872621536,"z":-0.017815612256526948,"w":-0.9741322994232178},"size":27.783767700195314,"orthographic":false}