{"cameraMode":{"drawMode":0,"name":"Shaded","section":"Shading Mode"},"sceneLighting":true,"audioPlay":false,"sceneViewState":{"m_AlwaysRefresh":true,"showFog":true,"showSkybox":true,"showFlares":true,"showImageEffects":true,"showParticleSystems":true,"showVisualEffectGraphs":true,"m_FxEnabled":true},"in2DMode":false,"pivot":{"x":-48.567901611328128,"y":-259.0372619628906,"z":873.7650146484375},"rotation":{"x":-0.17989400029182435,"y":0.25680777430534365,"z":-0.050239115953445438,"w":-0.9486605525016785},"size":666.3745727539063,"orthographic":false}