{"cameraMode":{"drawMode":0,"name":"Shaded","section":"Shading Mode"},"sceneLighting":true,"audioPlay":false,"sceneViewState":{"m_AlwaysRefresh":true,"showFog":false,"showSkybox":true,"showFlares":true,"showImageEffects":true,"showParticleSystems":true,"showVisualEffectGraphs":true,"m_FxEnabled":true},"in2DMode":false,"pivot":{"x":-0.01262664794921875,"y":3.1577000617980959,"z":18.601093292236329},"rotation":{"x":-0.2870381474494934,"y":0.5078128576278687,"z":-0.18489690124988557,"w":-0.7913918495178223},"size":5.306911468505859,"orthographic":false}