{"cameraMode":{"drawMode":0,"name":"Shaded","section":"Shading Mode"},"sceneLighting":true,"audioPlay":false,"sceneViewState":{"m_AlwaysRefresh":true,"showFog":true,"showSkybox":true,"showFlares":true,"showImageEffects":true,"showParticleSystems":true,"showVisualEffectGraphs":true,"m_FxEnabled":true},"in2DMode":false,"pivot":{"x":6.832767486572266,"y":11.790553092956543,"z":7.889330863952637},"rotation":{"x":-0.12441590428352356,"y":0.15718413889408112,"z":-0.020006448030471803,"w":-0.9798919558525086},"size":4.194015026092529,"orthographic":false}