{"cameraMode":{"drawMode":0,"name":"Shaded","section":"Shading Mode"},"sceneLighting":true,"audioPlay":false,"sceneViewState":{"m_AlwaysRefresh":true,"showFog":false,"showSkybox":true,"showFlares":true,"showImageEffects":true,"showParticleSystems":true,"showVisualEffectGraphs":true,"m_FxEnabled":true},"in2DMode":false,"pivot":{"x":-118.09601593017578,"y":-18.135414123535158,"z":262.0879211425781},"rotation":{"x":-0.057612765580415729,"y":0.23343217372894288,"z":-0.014366312883794308,"w":-0.9707601070404053},"size":145.61289978027345,"orthographic":false}